seqIndex,prediction,distToMargin,P(-1),P(+1)
38,1,1.3495041595476114,0.0112919488977865,0.9887080511022133
34,1,1.106132371408916,0.02480589952191831,0.9751941004780817
94,1,1.069742570505549,0.02787197327759906,0.9721280267224008
256,1,1.0666513730851948,0.028148763534708042,0.9718512364652918
93,1,1.0130440458455956,0.03339419954864553,0.9666058004513546
90,1,0.9938499870635701,0.03549252349633357,0.9645074765036666
89,1,0.9865561905286577,0.036322706177025134,0.9636772938229748
145,1,0.9630542320539862,0.03912651590042415,0.9608734840995758
143,1,0.9593899336554454,0.03958196153392675,0.9604180384660733
252,1,0.9546756444017581,0.040175386674290645,0.9598246133257095
151,1,0.95294094423689,0.04039588353977101,0.9596041164602291
258,1,0.9346596722644018,0.04279108682519436,0.9572089131748055
149,1,0.9269344310841543,0.04384349448002481,0.9561565055199753
37,1,0.9121031479166565,0.045933497624992874,0.9540665023750071
196,1,0.8972004468115229,0.04812882376784017,0.95187117623216
203,1,0.8964750962760227,0.04823817928569877,0.951761820714301
144,1,0.8839440536499236,0.05016500137947214,0.9498349986205279
199,1,0.8780184094582256,0.051101336722457605,0.9488986632775425
197,1,0.8652150777266837,0.05318119166706248,0.9468188083329375
147,1,0.8590716891622887,0.05420730949828214,0.9457926905017178
198,1,0.8546621566233245,0.05495530592031689,0.945044694079683
148,1,0.8482604728322277,0.056058560419450856,0.943941439580549
250,1,0.8380926852382895,0.057853796966372606,0.9421462030336274
36,1,0.8373909466023184,0.05797966946106691,0.9420203305389331
40,1,0.8264779023082408,0.05997055770985526,0.9400294422901447
205,1,0.8119951820175647,0.06271170430292843,0.9372882956970717
50,1,0.8056678448837677,0.06394568139878565,0.9360543186012144
249,1,0.8054130274051001,0.06399584848523843,0.9360041515147618
206,1,0.8051622112861629,0.06404526367885173,0.9359547363211483
200,1,0.8037904153045272,0.0643161622478334,0.9356838377521667
106,1,0.8018803766757883,0.064695132514653,0.9353048674853469
35,1,0.8000764295416912,0.06505496468885189,0.9349450353111484
96,1,0.7983028214669127,0.06541056358353182,0.9345894364164682
91,1,0.7915473484306716,0.06678165161252717,0.9332183483874728
251,1,0.7837364289550214,0.06840027330822085,0.9315997266917792
257,1,0.7811555305283042,0.0689430650031176,0.9310569349968824
259,1,0.7795410628877424,0.06928463614945117,0.9307153638505488
51,1,0.7730366350954243,0.07067673850047794,0.9293232614995222
161,1,0.7675857118066567,0.071863284018805,0.928136715981195
39,1,0.7627140699649866,0.07293930850002589,0.927060691499974
92,1,0.7597689341808249,0.07359702080021248,0.9264029791997875
204,1,0.7575384766212168,0.07409877143188136,0.9259012285681184
107,1,0.7400164722971045,0.07815153329582862,0.9218484667041714
248,1,0.7283448635837116,0.0809631844605631,0.919036815539437
202,1,0.7240367710957335,0.08202420906527745,0.9179757909347227
146,1,0.7121473533612052,0.08501872523425896,0.914981274765741
201,1,0.7110380655061624,0.08530314366179043,0.9146968563382095
105,1,0.7037298343652734,0.08719872764989298,0.9128012723501071
255,1,0.7002565350564688,0.0881129881182175,0.9118870118817827
52,1,0.687583344235238,0.09152317186954571,0.9084768281304543
152,1,0.6741612981474848,0.09526466135428828,0.9047353386457119
30,1,0.6678362914487269,0.09707512789084065,0.9029248721091592
253,1,0.6622970032233733,0.09868601913953894,0.9013139808604611
31,1,0.6539874143798774,0.10114749159194397,0.8988525084080561
153,1,0.6314544646519797,0.10810006403421833,0.8918999359657819
97,1,0.6312840965443541,0.10815420792755413,0.8918457920724456
95,1,0.617131961501984,0.11273630774454624,0.8872636922554538
207,1,0.6127259827547279,0.11419730352705487,0.885802696472945
33,1,0.6037285465614076,0.117232415508473,0.8827675844915273
254,1,0.5951592519404063,0.12018831787583512,0.8798116821241649
150,1,0.5912082856667105,0.12157284805242607,0.8784271519475741
269,1,0.5869955313735113,0.12306432084751968,0.8769356791524804
88,1,0.5856522816063137,0.12354319713567982,0.8764568028643203
163,1,0.572053470810822,0.12848239063385525,0.8715176093661446
159,1,0.5690374828510583,0.12960049376223431,0.8703995062377659
264,1,0.5672187848087017,0.1302787444898208,0.8697212555101792
85,1,0.5671743315668994,0.13029536041516665,0.8697046395848333
29,1,0.55045463214027,0.1366742220060815,0.8633257779939186
215,1,0.5493267957099257,0.1371138702110286,0.8628861297889715
160,1,0.5456538309498836,0.13855392230438277,0.8614460776956171
142,1,0.5395046791474745,0.14099327240689313,0.8590067275931068
99,1,0.5341136101209346,0.14316139086385193,0.8568386091361478
260,1,0.5275303786076436,0.14584659477627895,0.8541534052237211
162,1,0.5270222965350205,0.14605556213795787,0.8539444378620423
214,1,0.5255467854856528,0.14666382825166452,0.8533361717483352
154,1,0.5216605355162738,0.1482759457316364,0.8517240542683636
268,1,0.5174870150368445,0.15002350157315317,0.8499764984268467
44,1,0.5164227221432636,0.15047185211413813,0.8495281478858618
216,1,0.510448216684486,0.15300918963927557,0.8469908103607244
108,1,0.499836699431926,0.15760203557476798,0.8423979644252321
98,1,0.49602415166975233,0.15927927020557986,0.8407207297944203
100,1,0.4892392599721316,0.16229975915092826,0.8377002408490719
87,1,0.48320255035674564,0.16502571630206042,0.8349742836979396
86,1,0.4665639451614951,0.1727283463287856,0.8272716536712146
41,1,0.4566189428259705,0.17746582814113607,0.8225341718588639
164,1,0.44334849208895766,0.1839442970613496,0.8160557029386503
42,1,0.44032161746745685,0.1854472038302813,0.8145527961697187
208,1,0.43260340538489905,0.1893220118525969,0.8106779881474032
32,1,0.4317805060043197,0.18973874740517147,0.8102612525948284
84,1,0.4149488540816452,0.19841581863789748,0.8015841813621025
213,1,0.41468906885477497,0.1985520352670654,0.8014479647329346
49,1,0.41138795922470905,0.20028902720479133,0.7997109727952084
27,1,0.4113664570025892,0.20030037828134176,0.7996996217186582
43,1,0.40110391289950437,0.20577262046486464,0.7942273795351354
266,1,0.39933670408964594,0.20672594791315207,0.7932740520868481
155,1,0.3951987454917103,0.2089708447880224,0.7910291552119778
265,1,0.38691585620893176,0.21351773314751238,0.7864822668524876
140,1,0.3760734163727584,0.21957713130081116,0.780422868699189
212,1,0.3741106473865907,0.22068705929698865,0.7793129407030115
262,1,0.3737863485312944,0.22087083124903117,0.779129168750969
195,1,0.36938003150760435,0.22337856465969633,0.7766214353403035
109,1,0.35770950672114066,0.23011748321715603,0.7698825167828439
139,1,0.3529470161417803,0.23290785841588282,0.7670921415841171
261,1,0.3393355546146407,0.24101141944152604,0.7589885805584742
270,1,0.33591023816779,0.24308055913341214,0.7569194408665878
217,1,0.334502742305473,0.24393426025961865,0.7560657397403813
28,1,0.33378384393569166,0.24437107942353048,0.7556289205764695
267,1,0.31418437228649126,0.2564821503986266,0.7435178496013736
141,1,0.3100684313129355,0.259074697839855,0.7409253021601448
209,1,0.30728012719365566,0.2608406191229132,0.739159380877087
247,1,0.29082848610511663,0.27141692766325076,0.728583072336749
211,1,0.28765374267726174,0.27348851351255393,0.7265114864874461
46,1,0.28655544762498136,0.2742074607641997,0.7257925392358002
218,1,0.2847111894185687,0.27541735496961334,0.7245826450303866
157,1,0.28398442711962113,0.27589504148948785,0.7241049585105119
104,1,0.2776384114681564,0.28008783444777746,0.7199121655522225
55,1,0.27572621632155087,0.2813588103452897,0.7186411896547102
56,1,0.27159578340614804,0.28411610598021636,0.7158838940197836
53,1,0.26844534592958175,0.2862301068162399,0.71376989318376
192,1,0.26663263601986387,0.28745072453555903,0.7125492754644408
45,1,0.25334344228351824,0.2964931477725469,0.703506852227453
48,1,0.24803995911221216,0.3001473784193143,0.6998526215806855
138,1,0.24330479270099364,0.30343164349083734,0.6965683565091626
110,1,0.24017629124607426,0.3056126242579143,0.6943873757420855
244,1,0.21966686001545135,0.32012402353731545,0.6798759764626845
102,1,0.20717780341194422,0.3291366286407473,0.6708633713592524
191,1,0.19942203324511681,0.33479798584404347,0.6652020141559561
82,1,0.1912103320089863,0.3408443856033819,0.6591556143966183
263,1,0.188962635856038,0.3425085704109523,0.6574914295890476
210,1,0.18000400233198038,0.3491797616947534,0.6508202383052466
193,1,0.17786880881696546,0.3507786427768276,0.6492213572231728
83,1,0.16604587623606046,0.3562575752535227,0.6437424247464771
101,1,0.16299753144242518,0.35878917664876236,0.6412108233512376
194,1,0.15400632381967755,0.36623855283512274,0.6337614471648773
54,1,0.15122907259401572,0.36853447754576224,0.6314655224542379
137,1,0.13134599887286302,0.38491057554363617,0.6150894244563637
111,1,0.1089368818985061,0.40326985733889187,0.5967301426611079
245,1,0.09865479063340821,0.4116729309463454,0.5883270690536546
156,1,0.09747448587541328,0.41263705756899427,0.587362942431006
243,1,0.09286334131840449,0.4164030202515826,0.5835969797484172
158,1,0.07825511602364789,0.42833106779248503,0.5716689322075151
165,1,0.07821237641121528,0.4283659680607375,0.5716340319392623
136,1,0.07591397342438044,0.43024286953686647,0.5697571304631336
26,1,0.06500486496968466,0.439154380339202,0.5608456196607979
246,1,0.05265543860070637,0.44925187333506855,0.5507481266649316
103,1,0.046898433124059655,0.4539635860250659,0.5460364139749342
190,1,0.025117516718539512,0.4718198557390179,0.5281801442609821
189,-1,-0.020797202817791863,0.5095775011734779,0.49042249882652217
241,-1,-0.053589913910756626,0.536485981243116,0.4635140187568841
242,-1,-0.06425489454290555,0.5451865367899044,0.45481346321009564
47,-1,-0.0650390911481866,0.5458248351782182,0.454175164821782
81,-1,-0.13555650884398773,0.6018997652485234,0.39810023475147666
25,-1,-0.15574650320887545,0.6172872190507087,0.3827127809492914
135,-1,-0.227116147904052,0.6685787911004619,0.33142120889953813
80,-1,-0.24903802268969352,0.6877448570478764,0.31225514295212387
188,-1,-0.25257465400333723,0.6902393565119469,0.30976064348805304
134,-1,-0.2664509320272279,0.6999193790697175,0.3000806209302827
240,-1,-0.3341491546125285,0.7445494740154956,0.2554505259845042
187,-1,-0.3510428527970917,0.7549812235794322,0.24501877642056777
79,-1,-0.4212446448710979,0.7951796431856981,0.204820356814302
24,-1,-0.4337974271446534,0.8018271757669463,0.19817282423305377
239,-1,-0.4750747995046716,0.8225357240208376,0.17746427597916237
133,-1,-0.4970443802650308,0.8328466636722992,0.16715333632770074
186,-1,-0.5287695818014913,0.8468836532126974,0.1531163467873026
20,-1,-0.5343728374554677,0.8492600218026034,0.15073997819739654
23,-1,-0.5440696064047384,0.8533007092612118,0.14669929073878832
185,-1,-0.5961253535328075,0.873478945739769,0.12652105426023116
238,-1,-0.5976701054053667,0.874039813014604,0.125960186985396
78,-1,-0.6037818188355851,0.8762380185296729,0.12376198147032734
132,-1,-0.6078025851748106,0.8776661420895316,0.12233385791046822
75,-1,-0.6511923980921145,0.892192597167179,0.10780740283282109
76,-1,-0.6868328938746537,0.9029684186494505,0.09703158135054968
19,-1,-0.6956772427362305,0.9054893854719588,0.09451061452804126
21,-1,-0.7038162143156234,0.9077572987967397,0.0922427012032602
237,-1,-0.7610227846317907,0.9223602760723503,0.07763972392764987
130,-1,-0.7815208185904623,0.9270564487979216,0.07294355120207843
129,-1,-0.7833062674317544,0.9274528739421207,0.07254712605787926
131,-1,-0.795952038714597,0.9302042309982461,0.06979576900175391
77,-1,-0.8152810119217501,0.9342235890362024,0.06577641096379781
22,-1,-0.8229923587413707,0.9357662767777747,0.06423372322222524
74,-1,-0.8328847487945663,0.9376959561298793,0.062304043870120555
128,-1,-0.8505283749596564,0.9383666113648655,0.06163338863513441
182,-1,-0.8816403402704354,0.9442006268295653,0.055799373170434846
184,-1,-0.9601825996567257,0.9566772632145337,0.043322736785466345
183,-1,-0.9719727128930562,0.9583006429472123,0.041699357052787635
175,-1,-0.9752061948851098,0.9587354474555905,0.04126455254440954
121,-1,-0.9793480425195692,0.9592859702969968,0.040714029703003154
181,-1,-0.9973885303992475,0.9616016696886817,0.03839833031131838
235,-1,-1.0025639861251336,0.9622419655489448,0.03775803445105516
66,-1,-1.0150104498597519,0.9637394498273524,0.03626055017264759
17,-1,-1.0212832944880168,0.9644720074669144,0.03552799253308561
10,-1,-1.0385503960495206,0.9664144984811852,0.0335855015188147
13,-1,-1.0390927161475196,0.9664737910177316,0.0335262089822684
18,-1,-1.0404352594416084,0.9666201317662254,0.033379868233774417
73,-1,-1.0485616349423335,0.9674926461976605,0.032507353802339545
234,-1,-1.0581178113563527,0.968490061361126,0.03150993863887405
236,-1,-1.0603455063676435,0.9687182178761455,0.031281782123854504
227,-1,-1.10018047002584,0.9725340863096418,0.027465913690358314
233,-1,-1.1034940123542407,0.9728299959073157,0.0271700040926844
178,-1,-1.1044083351903,0.9729110924632359,0.02708890753676404
174,-1,-1.1068810663213442,0.973129218403591,0.026870781596409
69,-1,-1.123042463272789,0.9745127519099737,0.025487248090026334
9,-1,-1.1349680113901082,0.975488295549533,0.024511704450467006
120,-1,-1.1381518750385684,0.9757424380337945,0.024257561966205668
231,-1,-1.138902032555535,0.975801936625355,0.02419806337464509
124,-1,-1.1489449407395032,0.9765847144988491,0.023415285501151
65,-1,-1.1664163053221344,0.9778871848640177,0.02211281513598238
68,-1,-1.2144844277890805,0.9811114244466934,0.01888857555330649
122,-1,-1.2245260242477116,0.9817235792710081,0.018276420728991976
72,-1,-1.232767813960064,0.9822112505384983,0.01778874946150156
127,-1,-1.2467113720260743,0.9830070147450214,0.016992985254978606
12,-1,-1.2480088142371661,0.9830792348589158,0.016920765141084218
67,-1,-1.2482828170966607,0.9830944477136739,0.01690555228632612
179,-1,-1.271320230389234,0.9843260103092651,0.015673989690734767
228,-1,-1.2817154168298606,0.9848520838358269,0.01514791616417303
123,-1,-1.2835412535609212,0.9849426525317889,0.015057347468211024
176,-1,-1.2942672479646413,0.9854639191864567,0.014536080813543423
16,-1,-1.3048585428144308,0.9859609975951062,0.014039002404893789
230,-1,-1.3269203986845066,0.9869426962954252,0.013057303704574922
11,-1,-1.330596893768244,0.9870995064130641,0.012900493586935863
125,-1,-1.3351570543832452,0.9872914007393768,0.012708599260623168
8,-1,-1.3386247893415266,0.9874354179917986,0.012564582008201418
232,-1,-1.3581462161416413,0.9882163107075033,0.011783689292496739
126,-1,-1.3693477397607754,0.9886423367400582,0.011357663259941727
180,-1,-1.376628175244938,0.9889109584724787,0.011089041527521252
177,-1,-1.3767007339070447,0.9889136034735032,0.011086396526496723
229,-1,-1.387203809440035,0.9892899097294733,0.01071009027052657
14,-1,-1.3930056961922923,0.989492287934481,0.010507712065519063
70,-1,-1.4059243809774318,0.9899293062791663,0.010070693720833608
71,-1,-1.4438795623962934,0.9911110916063247,0.008888908393675227
226,-1,-1.5068038449350867,0.9927730876809393,0.007226912319060755
2,-1,-1.5075465836312278,0.9927907255908751,0.007209274409124937
173,-1,-1.5271596729830472,0.9932412347559023,0.0067587652440977445
15,-1,-1.528078006709857,0.9932616252755723,0.006738374724427843
64,-1,-1.5282301799566593,0.9932649981623107,0.0067350018376892765
119,-1,-1.5584630097119008,0.9939027177409823,0.006097282259017727
168,-1,-1.6009239881524233,0.9946977981826797,0.0053022018173203515
115,-1,-1.6574046942500416,0.9955971501111084,0.004402849888891694
114,-1,-1.673157449763054,0.9958195899457956,0.004180410054204361
3,-1,-1.6910899888624071,0.9960591682205737,0.003940831779426313
7,-1,-1.706044773509259,0.9962484334006039,0.003751566599395987
60,-1,-1.7530328944941773,0.996785972196966,0.003214027803034038
61,-1,-1.7589134955400458,0.996847580836546,0.0031524191634540737
220,-1,-1.7768109521853124,0.9970279142995809,0.002972085700419157
59,-1,-1.7860009729031692,0.9971164664724264,0.002883533527573599
6,-1,-1.7907556506769675,0.9971612405840554,0.00283875941594456
63,-1,-1.8030296320445327,0.99727363578927,0.00272636421073018
1,-1,-1.8351832888721034,0.9975474254854307,0.0024525745145691797
167,-1,-1.8503771290102238,0.9976670611874761,0.002332938812523959
221,-1,-1.8656417218913057,0.9977813784332478,0.0022186215667521977
5,-1,-1.8700623588530496,0.9978134264606644,0.0021865735393358
116,-1,-1.877872985726912,0.9978689234222798,0.0021310765777200896
58,-1,-1.883572975263798,0.9979085326302417,0.0020914673697583373
4,-1,-1.8961847097221902,0.9979935748907994,0.0020064251092004617
62,-1,-1.917139395920792,0.9981272980722855,0.0018727019277143817
169,-1,-1.924213739685317,0.9981704006641126,0.0018295993358872942
113,-1,-1.9617935443497978,0.9983832755496496,0.0016167244503504368
225,-1,-1.9624910597052256,0.9983869831246195,0.0016130168753803688
57,-1,-1.9734118748141007,0.9984439353558523,0.0015560646441476875
118,-1,-1.9747268909308933,0.9984506561192421,0.0015493438807577986
222,-1,-1.9927119189645588,0.9985397130338914,0.0014602869661085828
117,-1,-1.9990840266176186,0.9985700223162128,0.0014299776837872528
172,-1,-1.9999941666621994,0.9985742997981925,0.0014257002018074304
170,-1,-2.0342989448087776,0.9987265283351088,0.0012734716648912577
223,-1,-2.1050108042473816,0.9989909663400943,0.0010090336599057556
171,-1,-2.1539034296962742,0.9991409614809219,0.0008590385190781626
224,-1,-2.1736969646115223,0.999195145602246,0.0008048543977541236
219,-1,-2.332998699959796,0.9995235787303002,0.00047642126969967084
112,-1,-2.3463770705308042,0.9995441033917357,0.00045589660826418356
166,-1,-2.430532509318004,0.9996544080846083,0.0003455919153918737
